[
  {
    "id": "07950af6-dbfe-42a6-9ebe-8a1937f0944c",
    "data": [
      {
        "text": " ",
        "userDefined": false
      },
      {
        "text": "$",
        "alias": "currencyBase",
        "meta": "@currencySymbols",
        "userDefined": true
      },
      {
        "text": "50",
        "alias": "amount",
        "meta": "@sys.number",
        "userDefined": true
      },
      {
        "text": " to ",
        "userDefined": false
      },
      {
        "text": "Dollar",
        "alias": "currencyTarget",
        "meta": "@sys.currency-name",
        "userDefined": true
      }
    ],
    "isTemplate": false,
    "count": 0
  },
  {
    "id": "bdf541ab-ec5e-470c-aee5-8a7783983a3c",
    "data": [
      {
        "text": "50",
        "alias": "amount",
        "meta": "@sys.number",
        "userDefined": true
      },
      {
        "text": " ",
        "userDefined": false
      },
      {
        "text": "$",
        "alias": "currencyBase",
        "meta": "@currencySymbols",
        "userDefined": true
      },
      {
        "text": " to  ",
        "userDefined": false
      },
      {
        "text": "€",
        "alias": "currencyTarget",
        "meta": "@sys.currency-name",
        "userDefined": false
      }
    ],
    "isTemplate": false,
    "count": 0
  },
  {
    "id": "899e7246-6ffb-482b-af38-005ea41683b8",
    "data": [
      {
        "text": "40",
        "alias": "amount",
        "meta": "@sys.number",
        "userDefined": true
      },
      {
        "text": " ",
        "userDefined": false
      },
      {
        "text": "Euro",
        "alias": "currencyBase",
        "meta": "@currencySymbols",
        "userDefined": true
      },
      {
        "text": " ",
        "userDefined": false
      },
      {
        "text": "Yen",
        "alias": "currencyTarget",
        "meta": "@sys.currency-name",
        "userDefined": true
      }
    ],
    "isTemplate": false,
    "count": 0
  },
  {
    "id": "42721850-20c8-46d2-96d1-9dd331014ddc",
    "data": [
      {
        "text": "60",
        "alias": "amount",
        "meta": "@sys.number",
        "userDefined": true
      },
      {
        "text": " ",
        "userDefined": false
      },
      {
        "text": "Euro",
        "meta": "@sys.ignore",
        "userDefined": false
      },
      {
        "text": " to ",
        "userDefined": false
      },
      {
        "text": "Yen",
        "alias": "currencyTarget",
        "meta": "@sys.currency-name",
        "userDefined": false
      }
    ],
    "isTemplate": false,
    "count": 0
  },
  {
    "id": "70b3eb2a-524f-4989-aee1-b18fc3bf6e86",
    "data": [
      {
        "text": "Change ",
        "userDefined": false
      },
      {
        "text": "50",
        "alias": "amount",
        "meta": "@sys.number",
        "userDefined": false
      },
      {
        "text": " ",
        "userDefined": false
      },
      {
        "text": "Dollar",
        "alias": "currencyBase",
        "meta": "@currencySymbols",
        "userDefined": true
      },
      {
        "text": " to ",
        "userDefined": false
      },
      {
        "text": "Euro",
        "alias": "currencyTarget",
        "meta": "@sys.currency-name",
        "userDefined": false
      }
    ],
    "isTemplate": false,
    "count": 0,
    "updated": 1544724973
  }
]