[
  {
    "id": "97f307d0-2436-44f4-a8ce-4b49ea5c3d60",
    "data": [
      {
        "text": "Stop",
        "userDefined": false
      }
    ],
    "isTemplate": false,
    "count": 0,
    "updated": 1542922086
  },
  {
    "id": "d062588a-e66d-478b-98bf-4bfcb216ce18",
    "data": [
      {
        "text": "Stop Weather Buddy",
        "userDefined": false
      }
    ],
    "isTemplate": false,
    "count": 0,
    "updated": 1542922086
  },
  {
    "id": "1d21f367-a7bd-4342-bb41-518c80a173a6",
    "data": [
      {
        "text": "bye",
        "userDefined": false
      }
    ],
    "isTemplate": false,
    "count": 0,
    "updated": 1542922086
  }
]