[
  {
    "id": "ffcd7bd2-cc3e-4d30-a732-64fbc0b12505",
    "data": [
      {
        "text": "Tell me the weather for ",
        "userDefined": false
      },
      {
        "text": "Essen",
        "alias": "geo-city",
        "meta": "@sys.geo-city",
        "userDefined": true
      }
    ],
    "isTemplate": false,
    "count": 0,
    "updated": 1542922758
  },
  {
    "id": "38dc609c-7874-4c0e-bc9a-ddd60a5d32ea",
    "data": [
      {
        "text": "Essen",
        "alias": "geo-city",
        "meta": "@sys.geo-city",
        "userDefined": true
      }
    ],
    "isTemplate": false,
    "count": 0,
    "updated": 1542922758
  }
]