[
  {
    "id": "457ec05a-f7ce-4fab-8b0c-3f67896cfccb",
    "data": [
      {
        "text": "Christina",
        "alias": "given-name",
        "meta": "@sys.given-name",
        "userDefined": false
      },
      {
        "text": " is crazy",
        "userDefined": false
      }
    ],
    "isTemplate": false,
    "count": 0,
    "updated": 1534280499
  },
  {
    "id": "fff0c761-3be5-415d-858a-e3ffc462f9fe",
    "data": [
      {
        "text": "bye",
        "userDefined": false
      }
    ],
    "isTemplate": false,
    "count": 0,
    "updated": 1534280499
  }
]