[
  {
    "id": "f92c82bc-8d46-4e58-a735-f3d0ead46047",
    "data": [
      {
        "text": "Stop",
        "userDefined": false
      }
    ],
    "isTemplate": false,
    "count": 0,
    "updated": 1542922086
  },
  {
    "id": "ab883e8e-91b6-4c98-be96-7fbb24dffbfc",
    "data": [
      {
        "text": "Stop Weather Buddy",
        "userDefined": false
      }
    ],
    "isTemplate": false,
    "count": 0,
    "updated": 1542922086
  },
  {
    "id": "506006b8-b337-41d3-9643-2fc29963a435",
    "data": [
      {
        "text": "bye",
        "userDefined": false
      }
    ],
    "isTemplate": false,
    "count": 0,
    "updated": 1542922086
  }
]