[
  {
    "id": "98e23538-e5fe-419e-8b0c-544d971ba043",
    "data": [
      {
        "text": "Tell me the weather for ",
        "userDefined": false
      },
      {
        "text": "Essen",
        "alias": "geo-city",
        "meta": "@sys.geo-city",
        "userDefined": true
      }
    ],
    "isTemplate": false,
    "count": 0,
    "updated": 1542922758
  },
  {
    "id": "b3fed0e4-3ced-41d5-9f96-b0b7533ae549",
    "data": [
      {
        "text": "Essen",
        "alias": "geo-city",
        "meta": "@sys.geo-city",
        "userDefined": true
      }
    ],
    "isTemplate": false,
    "count": 0,
    "updated": 1542922758
  }
]