[
  {
    "id": "484d39c3-ef46-4ef9-848e-5d629d18e8b3",
    "data": [
      {
        "text": "Change ",
        "userDefined": false
      },
      {
        "text": "211",
        "alias": "amount",
        "meta": "@sys.number",
        "userDefined": true
      },
      {
        "text": " ",
        "userDefined": false
      },
      {
        "text": "Yen",
        "alias": "currencySource",
        "meta": "@sys.currency-name",
        "userDefined": false
      },
      {
        "text": " to ",
        "userDefined": false
      },
      {
        "text": "Euro",
        "alias": "currencyTarget",
        "meta": "@sys.currency-name",
        "userDefined": false
      }
    ],
    "isTemplate": false,
    "count": 0,
    "updated": 1543759262
  },
  {
    "id": "7439eb8b-6d23-4076-acc9-36af8e619e42",
    "data": [
      {
        "text": "Euro",
        "alias": "currencyName",
        "meta": "@sys.currency-name",
        "userDefined": false
      }
    ],
    "isTemplate": false,
    "count": 0,
    "updated": 1543759262
  }
]