[
  {
    "id": "82628990-ed84-49dc-943b-40025a594e8b",
    "data": [
      {
        "text": "Thomas",
        "alias": "given-name",
        "meta": "@sys.given-name",
        "userDefined": false
      }
    ],
    "isTemplate": false,
    "count": 0,
    "updated": 1544728242
  },
  {
    "id": "8a7b22e4-0b4a-4a20-8e3f-9a17bb692bad",
    "data": [
      {
        "text": "My name is ",
        "userDefined": false
      },
      {
        "text": "Thomas",
        "alias": "given-name",
        "meta": "@sys.given-name",
        "userDefined": false
      }
    ],
    "isTemplate": false,
    "count": 0,
    "updated": 1544728242
  }
]