[
  {
    "id": "5b3174bc-2d6c-45a9-bdbc-745fe7d18dcf",
    "data": [
      {
        "text": "Change ",
        "userDefined": false
      },
      {
        "text": "211",
        "alias": "amount",
        "meta": "@sys.number",
        "userDefined": true
      },
      {
        "text": " ",
        "userDefined": false
      },
      {
        "text": "Yen",
        "alias": "currencySource",
        "meta": "@sys.currency-name",
        "userDefined": false
      },
      {
        "text": " to ",
        "userDefined": false
      },
      {
        "text": "Euro",
        "alias": "currencyTarget",
        "meta": "@sys.currency-name",
        "userDefined": false
      }
    ],
    "isTemplate": false,
    "count": 0,
    "updated": 1543759262
  },
  {
    "id": "8f5f959e-744f-48a5-9563-58ac055a0980",
    "data": [
      {
        "text": "Euro",
        "alias": "currencyName",
        "meta": "@sys.currency-name",
        "userDefined": false
      }
    ],
    "isTemplate": false,
    "count": 0,
    "updated": 1543759262
  }
]