[
  {
    "id": "4363ae62-aa9d-493f-b1fd-ec8503ad041a",
    "data": [
      {
        "text": "Change ",
        "userDefined": false
      },
      {
        "text": "50",
        "alias": "amount",
        "meta": "@sys.number",
        "userDefined": true
      },
      {
        "text": " ",
        "userDefined": false
      },
      {
        "text": "Euro",
        "alias": "currencyBase",
        "meta": "@sys.currency-name",
        "userDefined": false
      },
      {
        "text": " to ",
        "userDefined": false
      },
      {
        "text": "Dollar",
        "alias": "currencyTarget",
        "meta": "@sys.currency-name",
        "userDefined": false
      }
    ],
    "isTemplate": false,
    "count": 0,
    "updated": 1543166996
  }
]